{
  "average_bleu": 18.66420023233655,
  "average_chrf": 41.422223015045226,
  "average_ter": 74.81802122098259,
  "batch_size": 500,
  "num_batches": 200,
  "num_examples": 100000
}