{"train/loss": 1.6088, "train/grad_norm": 8.568105697631836, "train/learning_rate": 8.012e-06, "train/epoch": 1.2, "train/global_step": 3000, "_timestamp": 1721919718.3885252, "_runtime": 82748.96587514877, "_step": 5}