{"train/loss": 1.5646, "train/grad_norm": 5.309428691864014, "train/learning_rate": 1.9333333333333333e-05, "train/epoch": 1.0, "train/global_step": 2500, "_timestamp": 1721238644.7789812, "_runtime": 69492.58702731133, "_step": 4}