{"train/loss": 2.8644, "train/learning_rate": 8.533333333333334e-09, "train/epoch": 30.0, "train/global_step": 75000, "_timestamp": 1720307377.3345323, "_runtime": 10130.651915311813, "_step": 187, "train/train_runtime": 7935.4616, "train/train_samples_per_second": 302.44, "train/train_steps_per_second": 9.451, "train/total_flos": 2.446747997778739e+16, "train/train_loss": 3.064906062825521}