{"train/loss": 1.2209, "train/grad_norm": 10.641983985900879, "train/learning_rate": 1.0666666666666668e-08, "train/epoch": 3.0, "train/global_step": 7500, "_timestamp": 1722223830.9870243, "_runtime": 210117.24619841576, "_step": 15, "train_runtime": 209501.5481, "train_samples_per_second": 1.146, "train_steps_per_second": 0.036, "total_flos": 4.93126233882624e+18, "train_loss": 1.5755643310546874}